file_names,stations
453025215.0017.2024.06.22.00.00.00.000.E.miniseed,25215
453024708.0001.2024.06.07.16.07.42.000.E.miniseed,24708
453024702.0025.2024.07.01.00.00.00.000.E.miniseed,24702
453024510.0008.2024.06.12.00.00.00.000.E.miniseed,24510
453024708.0014.2024.06.20.00.00.00.000.E.miniseed,24708
453025215.0021.2024.06.25.00.00.00.000.E.miniseed,25215
453025009.0018.2024.06.24.00.00.00.000.E.miniseed,25009
453024704.0008.2024.06.13.00.00.00.000.E.miniseed,24704
453025088.0021.2024.06.26.00.00.00.000.E.miniseed,25088
453025226.0012.2024.06.17.00.00.00.000.E.miniseed,25226
453025089.0001.2024.06.05.19.04.22.000.E.miniseed,25089
453024708.0028.2024.07.04.00.00.00.000.E.miniseed,24708
453024645.0019.2024.06.24.00.00.00.000.E.miniseed,24645
453024928.0014.2024.06.19.00.00.00.000.E.miniseed,24928
453024625.0016.2024.06.20.00.00.00.000.E.miniseed,24625
453024718.0007.2024.06.11.00.00.00.000.E.miniseed,24718
453025242.0030.2024.07.03.00.00.00.000.E.miniseed,25242
453025229.0031.2024.07.04.00.00.00.000.E.miniseed,25229
453024614.0023.2024.06.27.00.00.00.000.E.miniseed,24614
453025257.0013.2024.06.18.00.00.00.000.E.miniseed,25257
453025097.0024.2024.06.28.00.00.00.000.E.miniseed,25097
453025242.0017.2024.06.21.00.00.00.000.E.miniseed,25242
453024968.0007.2024.06.12.00.00.00.000.E.miniseed,24968
453025390.0009.2024.06.14.00.00.00.000.E.miniseed,25390
453025390.0011.2024.06.16.00.00.00.000.E.miniseed,25390
453025226.0023.2024.06.28.00.00.00.000.E.miniseed,25226
453024323.0025.2024.06.28.00.00.00.000.E.miniseed,24323
453025257.0022.2024.06.26.00.00.00.000.E.miniseed,25257
453024527.0021.2024.06.26.00.00.00.000.E.miniseed,24527
453024741.0007.2024.06.12.00.00.00.000.E.miniseed,24741
453025361.0009.2024.06.13.00.00.00.000.E.miniseed,25361
453024237.0004.2024.06.08.00.00.00.000.E.miniseed,24237
453025057.0023.2024.06.27.00.00.00.000.E.miniseed,25057
453024387.0028.2024.07.04.00.00.00.000.E.miniseed,24387
453025390.0025.2024.06.30.00.00.00.000.E.miniseed,25390
453024510.0019.2024.06.23.00.00.00.000.E.miniseed,24510
453025354.0010.2024.06.15.00.00.00.000.E.miniseed,25354
453025057.0027.2024.07.01.00.00.00.000.E.miniseed,25057
453024321.0016.2024.06.20.00.00.00.000.E.miniseed,24321
453025229.0015.2024.06.19.00.00.00.000.E.miniseed,25229
453024614.0007.2024.06.12.00.00.00.000.E.miniseed,24614
453024968.0021.2024.06.26.00.00.00.000.E.miniseed,24968
453024704.0010.2024.06.15.00.00.00.000.E.miniseed,24704
453025354.0019.2024.06.24.00.00.00.000.E.miniseed,25354
453025057.0020.2024.06.24.00.00.00.000.E.miniseed,25057
453025354.0013.2024.06.18.00.00.00.000.E.miniseed,25354
453025361.0012.2024.06.16.00.00.00.000.E.miniseed,25361
453024387.0006.2024.06.12.00.00.00.000.E.miniseed,24387
453024321.0008.2024.06.12.00.00.00.000.E.miniseed,24321
453025097.0030.2024.07.04.00.00.00.000.E.miniseed,25097
453025257.0017.2024.06.22.20.35.02.000.E.miniseed,25257
453025229.0007.2024.06.11.00.00.00.000.E.miniseed,25229
453024704.0017.2024.06.22.00.00.00.000.E.miniseed,24704
453025089.0021.2024.06.25.00.00.00.000.E.miniseed,25089
453024708.0008.2024.06.14.00.00.00.000.E.miniseed,24708
453025089.0023.2024.06.27.00.00.00.000.E.miniseed,25089
453025354.0020.2024.06.25.00.00.00.000.E.miniseed,25354
453024237.0007.2024.06.11.00.00.00.000.E.miniseed,24237
453024952.0013.2024.06.17.00.00.00.000.E.miniseed,24952
453025057.0008.2024.06.12.00.00.00.000.E.miniseed,25057
453025354.0005.2024.06.10.00.00.00.000.E.miniseed,25354
453024952.0001.2024.06.05.18.30.32.000.E.miniseed,24952
453024952.0026.2024.06.30.00.00.00.000.E.miniseed,24952
453024387.0023.2024.06.29.00.00.00.000.E.miniseed,24387
453024645.0005.2024.06.10.00.00.00.000.E.miniseed,24645
453024025.0022.2024.06.27.00.00.00.000.E.miniseed,24025
453025390.0017.2024.06.22.00.00.00.000.E.miniseed,25390
453025229.0026.2024.06.29.00.00.00.000.E.miniseed,25229
453024321.0013.2024.06.17.00.00.00.000.E.miniseed,24321
453025226.0013.2024.06.18.00.00.00.000.E.miniseed,25226
453025089.0003.2024.06.07.00.00.00.000.E.miniseed,25089
453024446.0019.2024.06.24.00.00.00.000.E.miniseed,24446
453025089.0028.2024.07.02.00.00.00.000.E.miniseed,25089
453024323.0015.2024.06.19.00.00.00.000.E.miniseed,24323
453025257.0020.2024.06.24.00.00.00.000.E.miniseed,25257
453025354.0023.2024.06.28.00.00.00.000.E.miniseed,25354
453024237.0008.2024.06.12.00.00.00.000.E.miniseed,24237
453025215.0030.2024.07.04.00.00.00.000.E.miniseed,25215
453025354.0011.2024.06.16.00.00.00.000.E.miniseed,25354
453024704.0005.2024.06.10.00.00.00.000.E.miniseed,24704
453025361.0027.2024.07.01.00.00.00.000.E.miniseed,25361
453025097.0022.2024.06.26.00.00.00.000.E.miniseed,25097
453025257.0015.2024.06.20.00.00.00.000.E.miniseed,25257
453024323.0005.2024.06.09.00.00.00.000.E.miniseed,24323
453024387.0026.2024.07.02.00.00.00.000.E.miniseed,24387
453024741.0022.2024.06.27.00.00.00.000.E.miniseed,24741
453024025.0010.2024.06.15.00.00.00.000.E.miniseed,24025
453024510.0021.2024.06.25.00.00.00.000.E.miniseed,24510
453024704.0027.2024.07.01.00.00.00.000.E.miniseed,24704
453024704.0003.2024.06.08.00.00.00.000.E.miniseed,24704
453025257.0006.2024.06.11.00.00.00.000.E.miniseed,25257
453024446.0021.2024.06.26.00.00.00.000.E.miniseed,24446
453024323.0031.2024.07.04.00.00.00.000.E.miniseed,24323
453024237.0005.2024.06.09.00.00.00.000.E.miniseed,24237
453024645.0010.2024.06.15.00.00.00.000.E.miniseed,24645
453024387.0024.2024.06.30.00.00.00.000.E.miniseed,24387
453025009.0009.2024.06.15.00.00.00.000.E.miniseed,25009
453025057.0028.2024.07.02.00.00.00.000.E.miniseed,25057
453024323.0022.2024.06.25.00.00.00.000.E.miniseed,24323
453025242.0008.2024.06.12.00.00.00.000.E.miniseed,25242
453024387.0007.2024.06.13.00.00.00.000.E.miniseed,24387
453025089.0025.2024.06.29.00.00.00.000.E.miniseed,25089
453024928.0002.2024.06.07.00.00.00.000.E.miniseed,24928
453025229.0014.2024.06.18.00.00.00.000.E.miniseed,25229
453024702.0011.2024.06.17.00.00.00.000.E.miniseed,24702
453024718.0004.2024.06.08.00.00.00.000.E.miniseed,24718
453024718.0023.2024.06.27.00.00.00.000.E.miniseed,24718
453025088.0023.2024.06.28.00.00.00.000.E.miniseed,25088
453024625.0028.2024.07.02.00.00.00.000.E.miniseed,24625
453024952.0023.2024.06.27.00.00.00.000.E.miniseed,24952
453024968.0018.2024.06.23.00.00.00.000.E.miniseed,24968
453024928.0019.2024.06.23.00.00.00.000.E.miniseed,24928
453025242.0019.2024.06.22.00.00.00.000.E.miniseed,25242
453025361.0016.2024.06.20.00.00.00.000.E.miniseed,25361
453024510.0025.2024.06.29.00.00.00.000.E.miniseed,24510
453024323.0013.2024.06.17.00.00.00.000.E.miniseed,24323
453025242.0001.2024.06.05.20.37.52.000.E.miniseed,25242
453025242.0027.2024.06.30.00.00.00.000.E.miniseed,25242
453025390.0028.2024.07.03.00.00.00.000.E.miniseed,25390
453025229.0023.2024.06.26.00.00.00.000.E.miniseed,25229
453024025.0008.2024.06.13.00.00.00.000.E.miniseed,24025
453024323.0018.2024.06.21.23.22.22.000.E.miniseed,24323
453025354.0012.2024.06.17.00.00.00.000.E.miniseed,25354
453025226.0028.2024.07.03.00.00.00.000.E.miniseed,25226
453025088.0007.2024.06.12.00.00.00.000.E.miniseed,25088
453025229.0024.2024.06.27.00.00.00.000.E.miniseed,25229
453025361.0018.2024.06.22.00.00.00.000.E.miniseed,25361
453024387.0015.2024.06.21.00.00.00.000.E.miniseed,24387
453024025.0012.2024.06.17.00.00.00.000.E.miniseed,24025
453024625.0004.2024.06.08.00.00.00.000.E.miniseed,24625
453025088.0027.2024.07.02.00.00.00.000.E.miniseed,25088
453024928.0025.2024.06.29.00.00.00.000.E.miniseed,24928
453024527.0020.2024.06.25.00.00.00.000.E.miniseed,24527
453024614.0006.2024.06.11.00.00.00.000.E.miniseed,24614
453024645.0024.2024.06.29.00.00.00.000.E.miniseed,24645
453024625.0021.2024.06.25.00.00.00.000.E.miniseed,24625
453024741.0015.2024.06.20.00.00.00.000.E.miniseed,24741
453024704.0004.2024.06.09.00.00.00.000.E.miniseed,24704
453024928.0029.2024.07.03.00.00.00.000.E.miniseed,24928
453024968.0027.2024.07.02.00.00.00.000.E.miniseed,24968
453025057.0019.2024.06.23.00.00.00.000.E.miniseed,25057
453025354.0003.2024.06.08.00.00.00.000.E.miniseed,25354
453024614.0022.2024.06.26.00.00.00.000.E.miniseed,24614
453024510.0009.2024.06.13.00.00.00.000.E.miniseed,24510
453025088.0024.2024.06.29.00.00.00.000.E.miniseed,25088
453024718.0028.2024.07.02.00.00.00.000.E.miniseed,24718
453024708.0004.2024.06.10.00.00.00.000.E.miniseed,24708
453024614.0001.2024.06.06.19.51.52.000.E.miniseed,24614
453025215.0029.2024.07.03.00.00.00.000.E.miniseed,25215
453025242.0028.2024.07.01.00.00.00.000.E.miniseed,25242
453025361.0028.2024.07.02.00.00.00.000.E.miniseed,25361
453025097.0002.2024.06.07.00.00.00.000.E.miniseed,25097
453025257.0024.2024.06.28.00.00.00.000.E.miniseed,25257
453025089.0020.2024.06.24.00.00.00.000.E.miniseed,25089
453025361.0011.2024.06.15.00.00.00.000.E.miniseed,25361
453024323.0014.2024.06.18.00.00.00.000.E.miniseed,24323
453024741.0003.2024.06.08.00.00.00.000.E.miniseed,24741
453025097.0008.2024.06.13.00.00.00.000.E.miniseed,25097
453024510.0018.2024.06.22.00.00.00.000.E.miniseed,24510
453024741.0010.2024.06.15.00.00.00.000.E.miniseed,24741
453025354.0004.2024.06.09.00.00.00.000.E.miniseed,25354
453024446.0020.2024.06.25.00.00.00.000.E.miniseed,24446
453025257.0009.2024.06.14.00.00.00.000.E.miniseed,25257
453025226.0029.2024.07.04.00.00.00.000.E.miniseed,25226
453024625.0022.2024.06.26.00.00.00.000.E.miniseed,24625
453025215.0010.2024.06.15.00.00.00.000.E.miniseed,25215
453024510.0011.2024.06.15.00.00.00.000.E.miniseed,24510
453024527.0017.2024.06.22.00.00.00.000.E.miniseed,24527
453024446.0006.2024.06.11.00.00.00.000.E.miniseed,24446
453025089.0016.2024.06.20.00.00.00.000.E.miniseed,25089
453024741.0011.2024.06.16.00.00.00.000.E.miniseed,24741
453025242.0002.2024.06.06.00.00.00.000.E.miniseed,25242
453025215.0006.2024.06.11.00.00.00.000.E.miniseed,25215
453025215.0001.2024.06.06.21.24.42.000.E.miniseed,25215
453025354.0027.2024.07.02.00.00.00.000.E.miniseed,25354
453024446.0016.2024.06.21.00.00.00.000.E.miniseed,24446
453024237.0020.2024.06.23.00.00.00.000.E.miniseed,24237
453025009.0001.2024.06.07.18.11.32.000.E.miniseed,25009
453024237.0013.2024.06.17.00.00.00.000.E.miniseed,24237
453024708.0005.2024.06.11.00.00.00.000.E.miniseed,24708
453025088.0012.2024.06.17.00.00.00.000.E.miniseed,25088
453025390.0018.2024.06.23.00.00.00.000.E.miniseed,25390
453024237.0016.2024.06.20.00.00.00.000.E.miniseed,24237
453024387.0014.2024.06.20.00.00.00.000.E.miniseed,24387
453025354.0008.2024.06.13.00.00.00.000.E.miniseed,25354
453025257.0026.2024.06.30.00.00.00.000.E.miniseed,25257
453025390.0014.2024.06.19.00.00.00.000.E.miniseed,25390
453024387.0001.2024.06.07.16.55.22.000.E.miniseed,24387
453024645.0013.2024.06.18.00.00.00.000.E.miniseed,24645
453024527.0027.2024.07.02.00.00.00.000.E.miniseed,24527
453025226.0015.2024.06.20.00.00.00.000.E.miniseed,25226
453024645.0009.2024.06.14.00.00.00.000.E.miniseed,24645
453024928.0021.2024.06.25.00.00.00.000.E.miniseed,24928
453025226.0009.2024.06.14.00.00.00.000.E.miniseed,25226
453024968.0022.2024.06.27.00.00.00.000.E.miniseed,24968
453024237.0030.2024.07.03.00.00.00.000.E.miniseed,24237
453024614.0009.2024.06.14.00.00.00.000.E.miniseed,24614
453024952.0028.2024.07.02.00.00.00.000.E.miniseed,24952
453025088.0008.2024.06.13.00.00.00.000.E.miniseed,25088
453024928.0004.2024.06.09.00.00.00.000.E.miniseed,24928
453024446.0023.2024.06.28.00.00.00.000.E.miniseed,24446
453024718.0027.2024.07.01.00.00.00.000.E.miniseed,24718
453025226.0001.2024.06.06.18.25.52.000.E.miniseed,25226
453024321.0030.2024.07.04.00.00.00.000.E.miniseed,24321
453024741.0020.2024.06.25.00.00.00.000.E.miniseed,24741
453024741.0016.2024.06.21.00.00.00.000.E.miniseed,24741
453024321.0007.2024.06.11.00.00.00.000.E.miniseed,24321
453024527.0028.2024.07.03.00.00.00.000.E.miniseed,24527
453024968.0006.2024.06.11.00.00.00.000.E.miniseed,24968
453025057.0029.2024.07.03.00.00.00.000.E.miniseed,25057
453024387.0002.2024.06.08.00.00.00.000.E.miniseed,24387
453024614.0005.2024.06.10.00.00.00.000.E.miniseed,24614
453024625.0025.2024.06.29.00.00.00.000.E.miniseed,24625
453024952.0004.2024.06.08.00.00.00.000.E.miniseed,24952
453025088.0022.2024.06.27.00.00.00.000.E.miniseed,25088
453024614.0004.2024.06.09.00.00.00.000.E.miniseed,24614
453024025.0017.2024.06.22.00.00.00.000.E.miniseed,24025
453024968.0004.2024.06.09.00.00.00.000.E.miniseed,24968
453025361.0006.2024.06.10.00.00.00.000.E.miniseed,25361
453025009.0019.2024.06.25.00.00.00.000.E.miniseed,25009
453025009.0026.2024.07.02.00.00.00.000.E.miniseed,25009
453025088.0013.2024.06.18.00.00.00.000.E.miniseed,25088
453025354.0028.2024.07.03.00.00.00.000.E.miniseed,25354
453024645.0001.2024.06.06.18.45.02.000.E.miniseed,24645
453024323.0009.2024.06.13.00.00.00.000.E.miniseed,24323
453025057.0010.2024.06.14.00.00.00.000.E.miniseed,25057
453025097.0005.2024.06.10.00.00.00.000.E.miniseed,25097
453025097.0025.2024.06.29.00.00.00.000.E.miniseed,25097
453024387.0018.2024.06.24.00.00.00.000.E.miniseed,24387
453024704.0013.2024.06.18.00.00.00.000.E.miniseed,24704
453024527.0012.2024.06.17.00.00.00.000.E.miniseed,24527
453025088.0028.2024.07.03.00.00.00.000.E.miniseed,25088
453024625.0002.2024.06.06.00.00.00.000.E.miniseed,24625
453025226.0007.2024.06.12.00.00.00.000.E.miniseed,25226
453025229.0011.2024.06.15.00.00.00.000.E.miniseed,25229
453025390.0016.2024.06.21.00.00.00.000.E.miniseed,25390
453024741.0018.2024.06.23.00.00.00.000.E.miniseed,24741
453025257.0021.2024.06.25.00.00.00.000.E.miniseed,25257
453024968.0017.2024.06.22.00.00.00.000.E.miniseed,24968
453024645.0011.2024.06.16.00.00.00.000.E.miniseed,24645
453024614.0017.2024.06.22.00.00.00.000.E.miniseed,24614
453024527.0010.2024.06.15.00.00.00.000.E.miniseed,24527
453025257.0001.2024.06.06.16.28.32.000.E.miniseed,25257
453024323.0020.2024.06.23.00.00.00.000.E.miniseed,24323
453025089.0007.2024.06.11.00.00.00.000.E.miniseed,25089
453025089.0014.2024.06.18.00.00.00.000.E.miniseed,25089
453025361.0029.2024.07.03.00.00.00.000.E.miniseed,25361
453024718.0014.2024.06.18.00.00.00.000.E.miniseed,24718
453024702.0014.2024.06.20.00.00.00.000.E.miniseed,24702
453024025.0023.2024.06.28.00.00.00.000.E.miniseed,24025
453025361.0023.2024.06.27.00.00.00.000.E.miniseed,25361
453024323.0030.2024.07.03.00.00.00.000.E.miniseed,24323
453024237.0019.2024.06.22.00.00.00.000.E.miniseed,24237
453025089.0009.2024.06.13.00.00.00.000.E.miniseed,25089
453024625.0018.2024.06.22.00.00.00.000.E.miniseed,24625
453024702.0005.2024.06.11.00.00.00.000.E.miniseed,24702
453024928.0023.2024.06.27.00.00.00.000.E.miniseed,24928
453024704.0019.2024.06.23.00.00.00.000.E.miniseed,24704
453024968.0005.2024.06.10.00.00.00.000.E.miniseed,24968
453024645.0006.2024.06.11.00.00.00.000.E.miniseed,24645
453024702.0007.2024.06.13.00.00.00.000.E.miniseed,24702
453025097.0020.2024.06.24.00.00.00.000.E.miniseed,25097
453025229.0002.2024.06.06.00.00.00.000.E.miniseed,25229
453024625.0027.2024.07.01.00.00.00.000.E.miniseed,24625
453025088.0005.2024.06.10.00.00.00.000.E.miniseed,25088
453024321.0023.2024.06.27.00.00.00.000.E.miniseed,24321
453025088.0018.2024.06.23.00.00.00.000.E.miniseed,25088
453024952.0020.2024.06.24.00.00.00.000.E.miniseed,24952
453025257.0018.2024.06.23.00.00.00.000.E.miniseed,25257
453024387.0016.2024.06.22.00.00.00.000.E.miniseed,24387
453024446.0014.2024.06.19.00.00.00.000.E.miniseed,24446
453025242.0026.2024.06.29.00.00.00.000.E.miniseed,25242
453024237.0025.2024.06.28.00.00.00.000.E.miniseed,24237
453025009.0002.2024.06.08.00.00.00.000.E.miniseed,25009
453024708.0007.2024.06.13.00.00.00.000.E.miniseed,24708
453024510.0002.2024.06.06.00.00.00.000.E.miniseed,24510
453025229.0022.2024.06.25.00.00.00.000.E.miniseed,25229
453024387.0022.2024.06.28.00.00.00.000.E.miniseed,24387
453024968.0011.2024.06.16.00.00.00.000.E.miniseed,24968
453025229.0016.2024.06.20.00.00.00.000.E.miniseed,25229
453024952.0009.2024.06.13.00.00.00.000.E.miniseed,24952
453024446.0029.2024.07.04.00.00.00.000.E.miniseed,24446
453025257.0008.2024.06.13.00.00.00.000.E.miniseed,25257
453024321.0017.2024.06.21.00.00.00.000.E.miniseed,24321
453024741.0017.2024.06.22.00.00.00.000.E.miniseed,24741
453025089.0008.2024.06.12.00.00.00.000.E.miniseed,25089
453025226.0022.2024.06.27.00.00.00.000.E.miniseed,25226
453025390.0008.2024.06.13.00.00.00.000.E.miniseed,25390
453025089.0004.2024.06.08.00.00.00.000.E.miniseed,25089
453025088.0015.2024.06.20.00.00.00.000.E.miniseed,25088
453025215.0026.2024.06.30.00.00.00.000.E.miniseed,25215
453024237.0021.2024.06.24.00.00.00.000.E.miniseed,24237
453024321.0001.2024.06.05.20.26.32.000.E.miniseed,24321
453024702.0013.2024.06.19.00.00.00.000.E.miniseed,24702
453025242.0020.2024.06.23.00.00.00.000.E.miniseed,25242
453025257.0030.2024.07.04.00.00.00.000.E.miniseed,25257
453024387.0012.2024.06.18.00.00.00.000.E.miniseed,24387
453025242.0011.2024.06.15.00.00.00.000.E.miniseed,25242
453024510.0010.2024.06.14.00.00.00.000.E.miniseed,24510
453025361.0014.2024.06.18.00.00.00.000.E.miniseed,25361
453024968.0010.2024.06.15.00.00.00.000.E.miniseed,24968
453025009.0010.2024.06.16.00.00.00.000.E.miniseed,25009
453024718.0010.2024.06.14.00.00.00.000.E.miniseed,24718
453024614.0024.2024.06.28.00.00.00.000.E.miniseed,24614
453025057.0002.2024.06.06.00.00.00.000.E.miniseed,25057
453024625.0006.2024.06.10.00.00.00.000.E.miniseed,24625
453024323.0001.2024.06.05.17.02.42.000.E.miniseed,24323
453024928.0026.2024.06.30.00.00.00.000.E.miniseed,24928
453024446.0013.2024.06.18.00.00.00.000.E.miniseed,24446
453025242.0029.2024.07.02.00.00.00.000.E.miniseed,25242
453024928.0003.2024.06.08.00.00.00.000.E.miniseed,24928
453024928.0006.2024.06.11.00.00.00.000.E.miniseed,24928
453024708.0020.2024.06.26.00.00.00.000.E.miniseed,24708
453025390.0001.2024.06.06.20.29.02.000.E.miniseed,25390
453024025.0026.2024.07.01.00.00.00.000.E.miniseed,24025
453024625.0009.2024.06.13.00.00.00.000.E.miniseed,24625
453025088.0009.2024.06.14.00.00.00.000.E.miniseed,25088
453025097.0026.2024.06.30.00.00.00.000.E.miniseed,25097
453024708.0025.2024.07.01.00.00.00.000.E.miniseed,24708
453024718.0015.2024.06.19.00.00.00.000.E.miniseed,24718
453024510.0003.2024.06.07.00.00.00.000.E.miniseed,24510
453025097.0001.2024.06.06.17.26.02.000.E.miniseed,25097
453025226.0006.2024.06.11.00.00.00.000.E.miniseed,25226
453024510.0016.2024.06.20.00.00.00.000.E.miniseed,24510
453025229.0004.2024.06.08.00.00.00.000.E.miniseed,25229
453025097.0014.2024.06.19.00.00.00.000.E.miniseed,25097
453024708.0010.2024.06.16.00.00.00.000.E.miniseed,24708
453024968.0008.2024.06.13.00.00.00.000.E.miniseed,24968
453024708.0002.2024.06.08.00.00.00.000.E.miniseed,24708
453025088.0002.2024.06.07.00.00.00.000.E.miniseed,25088
453025215.0012.2024.06.17.00.00.00.000.E.miniseed,25215
453025215.0018.2024.06.22.16.47.32.000.E.miniseed,25215
453024614.0030.2024.07.04.00.00.00.000.E.miniseed,24614
453025097.0027.2024.07.01.00.00.00.000.E.miniseed,25097
453025088.0016.2024.06.21.00.00.00.000.E.miniseed,25088
453024527.0019.2024.06.24.00.00.00.000.E.miniseed,24527
453025057.0009.2024.06.13.00.00.00.000.E.miniseed,25057
453024704.0012.2024.06.17.00.00.00.000.E.miniseed,24704
453024625.0020.2024.06.24.00.00.00.000.E.miniseed,24625
453024323.0027.2024.06.30.00.00.00.000.E.miniseed,24323
453024702.0019.2024.06.25.00.00.00.000.E.miniseed,24702
453025257.0007.2024.06.12.00.00.00.000.E.miniseed,25257
453025089.0005.2024.06.09.00.00.00.000.E.miniseed,25089
453025215.0011.2024.06.16.00.00.00.000.E.miniseed,25215
453024968.0019.2024.06.24.00.00.00.000.E.miniseed,24968
453025009.0027.2024.07.03.00.00.00.000.E.miniseed,25009
453024708.0024.2024.06.30.00.00.00.000.E.miniseed,24708
453025226.0004.2024.06.09.00.00.00.000.E.miniseed,25226
453024527.0011.2024.06.16.00.00.00.000.E.miniseed,24527
453024968.0020.2024.06.25.00.00.00.000.E.miniseed,24968
453024968.0012.2024.06.17.00.00.00.000.E.miniseed,24968
453024446.0027.2024.07.02.00.00.00.000.E.miniseed,24446
453025354.0015.2024.06.20.00.00.00.000.E.miniseed,25354
453024510.0017.2024.06.21.00.00.00.000.E.miniseed,24510
453024968.0026.2024.07.01.00.00.00.000.E.miniseed,24968
453025089.0022.2024.06.26.00.00.00.000.E.miniseed,25089
453024025.0011.2024.06.16.00.00.00.000.E.miniseed,24025
453024645.0017.2024.06.22.00.00.00.000.E.miniseed,24645
453024928.0030.2024.07.04.00.00.00.000.E.miniseed,24928
453024510.0027.2024.07.01.00.00.00.000.E.miniseed,24510
453025057.0013.2024.06.17.00.00.00.000.E.miniseed,25057
453025242.0010.2024.06.14.00.00.00.000.E.miniseed,25242
453024527.0005.2024.06.10.00.00.00.000.E.miniseed,24527
453025390.0006.2024.06.11.00.00.00.000.E.miniseed,25390
453024323.0021.2024.06.24.00.00.00.000.E.miniseed,24323
453024025.0021.2024.06.26.00.00.00.000.E.miniseed,24025
453024446.0010.2024.06.15.00.00.00.000.E.miniseed,24446
453024614.0010.2024.06.15.00.00.00.000.E.miniseed,24614
453024708.0015.2024.06.21.00.00.00.000.E.miniseed,24708
453024025.0003.2024.06.08.00.00.00.000.E.miniseed,24025
453024510.0030.2024.07.04.00.00.00.000.E.miniseed,24510
453025226.0027.2024.07.02.00.00.00.000.E.miniseed,25226
453025242.0012.2024.06.16.00.00.00.000.E.miniseed,25242
453024387.0010.2024.06.16.00.00.00.000.E.miniseed,24387
453024708.0013.2024.06.19.00.00.00.000.E.miniseed,24708
453024702.0010.2024.06.16.00.00.00.000.E.miniseed,24702
453024321.0002.2024.06.06.00.00.00.000.E.miniseed,24321
453024625.0026.2024.06.30.00.00.00.000.E.miniseed,24625
453024702.0006.2024.06.12.00.00.00.000.E.miniseed,24702
453024741.0008.2024.06.13.00.00.00.000.E.miniseed,24741
453024708.0019.2024.06.25.00.00.00.000.E.miniseed,24708
453025057.0026.2024.06.30.00.00.00.000.E.miniseed,25057
453024708.0011.2024.06.17.00.00.00.000.E.miniseed,24708
453025057.0030.2024.07.04.00.00.00.000.E.miniseed,25057
453024237.0015.2024.06.19.00.00.00.000.E.miniseed,24237
453024510.0012.2024.06.16.00.00.00.000.E.miniseed,24510
453025390.0007.2024.06.12.00.00.00.000.E.miniseed,25390
453024237.0027.2024.06.30.00.00.00.000.E.miniseed,24237
453024527.0013.2024.06.18.00.00.00.000.E.miniseed,24527
453025097.0003.2024.06.08.00.00.00.000.E.miniseed,25097
453025229.0019.2024.06.22.00.00.00.000.E.miniseed,25229
453025009.0012.2024.06.18.00.00.00.000.E.miniseed,25009
453025390.0024.2024.06.29.00.00.00.000.E.miniseed,25390
453024952.0024.2024.06.28.00.00.00.000.E.miniseed,24952
453024237.0001.2024.06.05.21.27.42.000.E.miniseed,24237
453025390.0021.2024.06.26.00.00.00.000.E.miniseed,25390
453024645.0004.2024.06.09.00.00.00.000.E.miniseed,24645
453025361.0019.2024.06.23.00.00.00.000.E.miniseed,25361
453024704.0015.2024.06.20.00.00.00.000.E.miniseed,24704
453024702.0001.2024.06.07.18.41.02.000.E.miniseed,24702
453025229.0021.2024.06.24.00.00.00.000.E.miniseed,25229
453024323.0002.2024.06.06.00.00.00.000.E.miniseed,24323
453024708.0006.2024.06.12.00.00.00.000.E.miniseed,24708
453025215.0008.2024.06.13.00.00.00.000.E.miniseed,25215
453025354.0007.2024.06.12.00.00.00.000.E.miniseed,25354
453024704.0026.2024.06.30.00.00.00.000.E.miniseed,24704
453025390.0015.2024.06.20.00.00.00.000.E.miniseed,25390
453024614.0027.2024.07.01.00.00.00.000.E.miniseed,24614
453024702.0015.2024.06.21.00.00.00.000.E.miniseed,24702
453024702.0004.2024.06.10.00.00.00.000.E.miniseed,24702
453024704.0023.2024.06.27.00.00.00.000.E.miniseed,24704
453025229.0006.2024.06.10.00.00.00.000.E.miniseed,25229
453025089.0006.2024.06.10.00.00.00.000.E.miniseed,25089
453024704.0029.2024.07.03.00.00.00.000.E.miniseed,24704
453024704.0014.2024.06.19.00.00.00.000.E.miniseed,24704
453025242.0009.2024.06.13.00.00.00.000.E.miniseed,25242
453024741.0002.2024.06.07.00.00.00.000.E.miniseed,24741
453024321.0028.2024.07.02.00.00.00.000.E.miniseed,24321
453025242.0031.2024.07.04.00.00.00.000.E.miniseed,25242
453024510.0006.2024.06.10.00.00.00.000.E.miniseed,24510
453025226.0018.2024.06.23.00.00.00.000.E.miniseed,25226
453024323.0012.2024.06.16.00.00.00.000.E.miniseed,24323
453024704.0018.2024.06.22.19.01.12.000.E.miniseed,24704
453024952.0010.2024.06.14.00.00.00.000.E.miniseed,24952
453024718.0016.2024.06.20.00.00.00.000.E.miniseed,24718
453025257.0019.2024.06.23.20.36.12.000.E.miniseed,25257
453025088.0029.2024.07.04.00.00.00.000.E.miniseed,25088
453024645.0015.2024.06.20.00.00.00.000.E.miniseed,24645
453024387.0021.2024.06.27.00.00.00.000.E.miniseed,24387
453024025.0013.2024.06.18.00.00.00.000.E.miniseed,24025
453024968.0013.2024.06.18.00.00.00.000.E.miniseed,24968
453024446.0024.2024.06.29.00.00.00.000.E.miniseed,24446
453025257.0012.2024.06.17.00.00.00.000.E.miniseed,25257
453024952.0007.2024.06.11.00.00.00.000.E.miniseed,24952
453025009.0025.2024.07.01.00.00.00.000.E.miniseed,25009
453024446.0018.2024.06.23.00.00.00.000.E.miniseed,24446
453024708.0021.2024.06.27.00.00.00.000.E.miniseed,24708
453025097.0017.2024.06.22.00.00.00.000.E.miniseed,25097
453025057.0012.2024.06.16.00.00.00.000.E.miniseed,25057
453024645.0002.2024.06.07.00.00.00.000.E.miniseed,24645
453024718.0020.2024.06.24.00.00.00.000.E.miniseed,24718
453024025.0014.2024.06.19.00.00.00.000.E.miniseed,24025
453024952.0015.2024.06.19.00.00.00.000.E.miniseed,24952
453024702.0022.2024.06.28.00.00.00.000.E.miniseed,24702
453024718.0008.2024.06.12.00.00.00.000.E.miniseed,24718
453024952.0017.2024.06.21.00.00.00.000.E.miniseed,24952
453025354.0024.2024.06.29.00.00.00.000.E.miniseed,25354
453024704.0009.2024.06.14.00.00.00.000.E.miniseed,24704
453024625.0011.2024.06.15.00.00.00.000.E.miniseed,24625
453025009.0013.2024.06.19.00.00.00.000.E.miniseed,25009
453025361.0013.2024.06.17.00.00.00.000.E.miniseed,25361
453024446.0008.2024.06.13.00.00.00.000.E.miniseed,24446
453024321.0015.2024.06.19.00.00.00.000.E.miniseed,24321
453025088.0011.2024.06.16.00.00.00.000.E.miniseed,25088
453025229.0001.2024.06.05.16.42.32.000.E.miniseed,25229
453024321.0005.2024.06.09.00.00.00.000.E.miniseed,24321
453024323.0023.2024.06.26.00.00.00.000.E.miniseed,24323
453024527.0001.2024.06.06.17.39.02.000.E.miniseed,24527
453024237.0011.2024.06.15.00.00.00.000.E.miniseed,24237
453025226.0025.2024.06.30.00.00.00.000.E.miniseed,25226
453024527.0016.2024.06.21.00.00.00.000.E.miniseed,24527
453025057.0003.2024.06.07.00.00.00.000.E.miniseed,25057
453024510.0023.2024.06.27.00.00.00.000.E.miniseed,24510
453025215.0016.2024.06.21.00.00.00.000.E.miniseed,25215
453025361.0002.2024.06.06.00.00.00.000.E.miniseed,25361
453024025.0015.2024.06.20.00.00.00.000.E.miniseed,24025
453025361.0021.2024.06.25.00.00.00.000.E.miniseed,25361
453025089.0002.2024.06.06.00.00.00.000.E.miniseed,25089
453025097.0010.2024.06.15.00.00.00.000.E.miniseed,25097
453024968.0014.2024.06.19.00.00.00.000.E.miniseed,24968
453025057.0004.2024.06.08.00.00.00.000.E.miniseed,25057
453024323.0010.2024.06.14.00.00.00.000.E.miniseed,24323
453024708.0016.2024.06.22.00.00.00.000.E.miniseed,24708
453024968.0002.2024.06.07.00.00.00.000.E.miniseed,24968
453024702.0028.2024.07.04.00.00.00.000.E.miniseed,24702
453025057.0007.2024.06.11.00.00.00.000.E.miniseed,25057
453024510.0005.2024.06.09.00.00.00.000.E.miniseed,24510
453024387.0008.2024.06.14.00.00.00.000.E.miniseed,24387
453024387.0019.2024.06.25.00.00.00.000.E.miniseed,24387
453024968.0016.2024.06.21.00.00.00.000.E.miniseed,24968
453025089.0013.2024.06.17.00.00.00.000.E.miniseed,25089
453025215.0002.2024.06.07.00.00.00.000.E.miniseed,25215
453025242.0018.2024.06.21.22.17.52.000.E.miniseed,25242
453025361.0003.2024.06.07.00.00.00.000.E.miniseed,25361
453024025.0019.2024.06.24.00.00.00.000.E.miniseed,24025
453024928.0024.2024.06.28.00.00.00.000.E.miniseed,24928
453025361.0022.2024.06.26.00.00.00.000.E.miniseed,25361
453024510.0028.2024.07.02.00.00.00.000.E.miniseed,24510
453024446.0004.2024.06.09.00.00.00.000.E.miniseed,24446
453025215.0007.2024.06.12.00.00.00.000.E.miniseed,25215
453024025.0004.2024.06.09.00.00.00.000.E.miniseed,24025
453025097.0029.2024.07.03.00.00.00.000.E.miniseed,25097
453025097.0009.2024.06.14.00.00.00.000.E.miniseed,25097
453024527.0029.2024.07.04.00.00.00.000.E.miniseed,24527
453024741.0004.2024.06.09.00.00.00.000.E.miniseed,24741
453024527.0004.2024.06.09.00.00.00.000.E.miniseed,24527
453025390.0012.2024.06.17.00.00.00.000.E.miniseed,25390
453024321.0029.2024.07.03.00.00.00.000.E.miniseed,24321
453025089.0010.2024.06.14.00.00.00.000.E.miniseed,25089
453024704.0011.2024.06.16.00.00.00.000.E.miniseed,24704
453024321.0018.2024.06.22.00.00.00.000.E.miniseed,24321
453024645.0014.2024.06.19.00.00.00.000.E.miniseed,24645
453025215.0024.2024.06.28.00.00.00.000.E.miniseed,25215
453024321.0027.2024.07.01.00.00.00.000.E.miniseed,24321
453024025.0027.2024.07.02.00.00.00.000.E.miniseed,24025
453024321.0019.2024.06.23.00.00.00.000.E.miniseed,24321
453024968.0015.2024.06.20.00.00.00.000.E.miniseed,24968
453024708.0022.2024.06.28.00.00.00.000.E.miniseed,24708
453024718.0002.2024.06.06.00.00.00.000.E.miniseed,24718
453024928.0011.2024.06.16.00.00.00.000.E.miniseed,24928
453024702.0003.2024.06.09.00.00.00.000.E.miniseed,24702
453024446.0015.2024.06.20.00.00.00.000.E.miniseed,24446
453024645.0020.2024.06.25.00.00.00.000.E.miniseed,24645
453025361.0001.2024.06.05.17.54.12.000.E.miniseed,25361
453025088.0026.2024.07.01.00.00.00.000.E.miniseed,25088
453024741.0013.2024.06.18.00.00.00.000.E.miniseed,24741
453025390.0005.2024.06.10.00.00.00.000.E.miniseed,25390
453024741.0025.2024.06.30.00.00.00.000.E.miniseed,24741
453024025.0018.2024.06.23.00.00.00.000.E.miniseed,24025
453024625.0029.2024.07.03.00.00.00.000.E.miniseed,24625
453024704.0001.2024.06.06.17.06.22.000.E.miniseed,24704
453025361.0025.2024.06.29.00.00.00.000.E.miniseed,25361
453025088.0010.2024.06.15.00.00.00.000.E.miniseed,25088
453024237.0026.2024.06.29.00.00.00.000.E.miniseed,24237
453024645.0028.2024.07.03.00.00.00.000.E.miniseed,24645
453024704.0020.2024.06.24.00.00.00.000.E.miniseed,24704
453024718.0009.2024.06.13.00.00.00.000.E.miniseed,24718
453024952.0029.2024.07.03.00.00.00.000.E.miniseed,24952
453025354.0025.2024.06.30.00.00.00.000.E.miniseed,25354
453024237.0022.2024.06.25.00.00.00.000.E.miniseed,24237
453024928.0001.2024.06.06.21.11.02.000.E.miniseed,24928
453024702.0009.2024.06.15.00.00.00.000.E.miniseed,24702
453024741.0009.2024.06.14.00.00.00.000.E.miniseed,24741
453025088.0014.2024.06.19.00.00.00.000.E.miniseed,25088
453024718.0011.2024.06.15.00.00.00.000.E.miniseed,24718
453025009.0015.2024.06.21.00.00.00.000.E.miniseed,25009
453024625.0023.2024.06.27.00.00.00.000.E.miniseed,24625
453024741.0023.2024.06.28.00.00.00.000.E.miniseed,24741
453024928.0015.2024.06.20.00.00.00.000.E.miniseed,24928
453024968.0025.2024.06.30.00.00.00.000.E.miniseed,24968
453025257.0010.2024.06.15.00.00.00.000.E.miniseed,25257
453024741.0019.2024.06.24.00.00.00.000.E.miniseed,24741
453025009.0028.2024.07.04.00.00.00.000.E.miniseed,25009
453024645.0008.2024.06.13.00.00.00.000.E.miniseed,24645
453024025.0024.2024.06.29.00.00.00.000.E.miniseed,24025
453024446.0001.2024.06.06.19.13.02.000.E.miniseed,24446
453025215.0019.2024.06.23.00.00.00.000.E.miniseed,25215
453025257.0016.2024.06.21.00.00.00.000.E.miniseed,25257
453025009.0003.2024.06.09.00.00.00.000.E.miniseed,25009
453024741.0021.2024.06.26.00.00.00.000.E.miniseed,24741
453024708.0026.2024.07.02.00.00.00.000.E.miniseed,24708
453025089.0017.2024.06.21.00.00.00.000.E.miniseed,25089
453025390.0029.2024.07.04.00.00.00.000.E.miniseed,25390
453025226.0017.2024.06.22.00.00.00.000.E.miniseed,25226
453025215.0023.2024.06.27.00.00.00.000.E.miniseed,25215
453024446.0011.2024.06.16.00.00.00.000.E.miniseed,24446
453024025.0020.2024.06.25.00.00.00.000.E.miniseed,24025
453024387.0003.2024.06.09.00.00.00.000.E.miniseed,24387
453025229.0029.2024.07.02.00.00.00.000.E.miniseed,25229
453025057.0001.2024.06.05.17.27.32.000.E.miniseed,25057
453024237.0024.2024.06.27.00.00.00.000.E.miniseed,24237
453024704.0024.2024.06.28.00.00.00.000.E.miniseed,24704
453024741.0012.2024.06.17.00.00.00.000.E.miniseed,24741
453025229.0028.2024.07.01.00.00.00.000.E.miniseed,25229
453025057.0016.2024.06.20.00.00.00.000.E.miniseed,25057
453024237.0028.2024.07.01.00.00.00.000.E.miniseed,24237
453024928.0020.2024.06.24.00.00.00.000.E.miniseed,24928
453024952.0008.2024.06.12.00.00.00.000.E.miniseed,24952
453024702.0016.2024.06.22.00.00.00.000.E.miniseed,24702
453025226.0026.2024.07.01.00.00.00.000.E.miniseed,25226
453025089.0027.2024.07.01.00.00.00.000.E.miniseed,25089
453025242.0014.2024.06.18.00.00.00.000.E.miniseed,25242
453024718.0001.2024.06.05.21.01.42.000.E.miniseed,24718
453024928.0009.2024.06.14.00.00.00.000.E.miniseed,24928
453024645.0022.2024.06.27.00.00.00.000.E.miniseed,24645
453024704.0021.2024.06.25.00.00.00.000.E.miniseed,24704
453024718.0030.2024.07.04.00.00.00.000.E.miniseed,24718
453024025.0016.2024.06.21.00.00.00.000.E.miniseed,24025
453025361.0024.2024.06.28.00.00.00.000.E.miniseed,25361
453025354.0001.2024.06.06.21.56.02.000.E.miniseed,25354
453024614.0013.2024.06.18.00.00.00.000.E.miniseed,24614
453025257.0004.2024.06.09.00.00.00.000.E.miniseed,25257
453025215.0005.2024.06.10.00.00.00.000.E.miniseed,25215
453024510.0022.2024.06.26.00.00.00.000.E.miniseed,24510
453024704.0007.2024.06.12.00.00.00.000.E.miniseed,24704
453025226.0016.2024.06.21.00.00.00.000.E.miniseed,25226
453025215.0015.2024.06.20.00.00.00.000.E.miniseed,25215
453025361.0026.2024.06.30.00.00.00.000.E.miniseed,25361
453024928.0028.2024.07.02.00.00.00.000.E.miniseed,24928
453025088.0003.2024.06.08.00.00.00.000.E.miniseed,25088
453024237.0002.2024.06.06.00.00.00.000.E.miniseed,24237
453025226.0002.2024.06.07.00.00.00.000.E.miniseed,25226
453024928.0005.2024.06.10.00.00.00.000.E.miniseed,24928
453025361.0017.2024.06.21.00.00.00.000.E.miniseed,25361
453025361.0020.2024.06.24.00.00.00.000.E.miniseed,25361
453024741.0006.2024.06.11.00.00.00.000.E.miniseed,24741
453025390.0023.2024.06.28.00.00.00.000.E.miniseed,25390
453024708.0012.2024.06.18.00.00.00.000.E.miniseed,24708
453024323.0003.2024.06.07.00.00.00.000.E.miniseed,24323
453025390.0026.2024.07.01.00.00.00.000.E.miniseed,25390
453025354.0006.2024.06.11.00.00.00.000.E.miniseed,25354
453025257.0002.2024.06.07.00.00.00.000.E.miniseed,25257
453024928.0008.2024.06.13.00.00.00.000.E.miniseed,24928
453024968.0024.2024.06.29.00.00.00.000.E.miniseed,24968
453024645.0016.2024.06.21.00.00.00.000.E.miniseed,24645
453024741.0005.2024.06.10.00.00.00.000.E.miniseed,24741
453024446.0012.2024.06.17.00.00.00.000.E.miniseed,24446
453024645.0003.2024.06.08.00.00.00.000.E.miniseed,24645
453024527.0006.2024.06.11.00.00.00.000.E.miniseed,24527
453024702.0002.2024.06.08.00.00.00.000.E.miniseed,24702
453024323.0004.2024.06.08.00.00.00.000.E.miniseed,24323
453024321.0025.2024.06.29.00.00.00.000.E.miniseed,24321
453024387.0025.2024.07.01.00.00.00.000.E.miniseed,24387
453025097.0021.2024.06.25.00.00.00.000.E.miniseed,25097
453024527.0023.2024.06.28.00.00.00.000.E.miniseed,24527
453024614.0014.2024.06.19.00.00.00.000.E.miniseed,24614
453025097.0007.2024.06.12.00.00.00.000.E.miniseed,25097
453025226.0014.2024.06.19.00.00.00.000.E.miniseed,25226
453024718.0005.2024.06.09.00.00.00.000.E.miniseed,24718
453025215.0028.2024.07.02.00.00.00.000.E.miniseed,25215
453025242.0007.2024.06.11.00.00.00.000.E.miniseed,25242
453024952.0011.2024.06.15.00.00.00.000.E.miniseed,24952
453025009.0024.2024.06.30.00.00.00.000.E.miniseed,25009
453025354.0016.2024.06.21.00.00.00.000.E.miniseed,25354
453024708.0027.2024.07.03.00.00.00.000.E.miniseed,24708
453024625.0019.2024.06.23.00.00.00.000.E.miniseed,24625
453025097.0019.2024.06.23.00.00.00.000.E.miniseed,25097
453025229.0013.2024.06.17.00.00.00.000.E.miniseed,25229
453025229.0020.2024.06.23.00.00.00.000.E.miniseed,25229
453025009.0005.2024.06.11.00.00.00.000.E.miniseed,25009
453025361.0015.2024.06.19.00.00.00.000.E.miniseed,25361
453024387.0005.2024.06.11.00.00.00.000.E.miniseed,24387
453025390.0013.2024.06.18.00.00.00.000.E.miniseed,25390
453025354.0029.2024.07.04.00.00.00.000.E.miniseed,25354
453025229.0008.2024.06.12.00.00.00.000.E.miniseed,25229
453024510.0014.2024.06.18.00.00.00.000.E.miniseed,24510
453024625.0030.2024.07.04.00.00.00.000.E.miniseed,24625
453025390.0002.2024.06.07.00.00.00.000.E.miniseed,25390
453024614.0015.2024.06.20.00.00.00.000.E.miniseed,24614
453025226.0020.2024.06.25.00.00.00.000.E.miniseed,25226
453025009.0006.2024.06.12.00.00.00.000.E.miniseed,25009
453024237.0006.2024.06.10.00.00.00.000.E.miniseed,24237
453024952.0030.2024.07.04.00.00.00.000.E.miniseed,24952
453024645.0007.2024.06.12.00.00.00.000.E.miniseed,24645
453024702.0008.2024.06.14.00.00.00.000.E.miniseed,24702
453024510.0004.2024.06.08.00.00.00.000.E.miniseed,24510
453025057.0011.2024.06.15.00.00.00.000.E.miniseed,25057
453024387.0017.2024.06.23.00.00.00.000.E.miniseed,24387
453025089.0019.2024.06.23.00.00.00.000.E.miniseed,25089
453024237.0014.2024.06.18.00.00.00.000.E.miniseed,24237
453025354.0009.2024.06.14.00.00.00.000.E.miniseed,25354
453024510.0015.2024.06.19.00.00.00.000.E.miniseed,24510
453024025.0025.2024.06.30.00.00.00.000.E.miniseed,24025
453025215.0004.2024.06.09.00.00.00.000.E.miniseed,25215
453025097.0028.2024.07.02.00.00.00.000.E.miniseed,25097
453025242.0022.2024.06.25.00.00.00.000.E.miniseed,25242
453024614.0029.2024.07.03.00.00.00.000.E.miniseed,24614
453024446.0025.2024.06.30.00.00.00.000.E.miniseed,24446
453024025.0009.2024.06.14.00.00.00.000.E.miniseed,24025
453024625.0024.2024.06.28.00.00.00.000.E.miniseed,24625
453025354.0018.2024.06.23.00.00.00.000.E.miniseed,25354
453025088.0019.2024.06.24.00.00.00.000.E.miniseed,25088
453025088.0020.2024.06.25.00.00.00.000.E.miniseed,25088
453025088.0001.2024.06.06.18.59.02.000.E.miniseed,25088
453025009.0011.2024.06.17.00.00.00.000.E.miniseed,25009
453025089.0030.2024.07.04.00.00.00.000.E.miniseed,25089
453025088.0006.2024.06.11.00.00.00.000.E.miniseed,25088
453024321.0006.2024.06.10.00.00.00.000.E.miniseed,24321
453025242.0023.2024.06.26.00.00.00.000.E.miniseed,25242
453025361.0010.2024.06.14.00.00.00.000.E.miniseed,25361
453024510.0026.2024.06.30.00.00.00.000.E.miniseed,24510
453025097.0013.2024.06.18.00.00.00.000.E.miniseed,25097
453024625.0003.2024.06.07.00.00.00.000.E.miniseed,24625
453025361.0030.2024.07.04.00.00.00.000.E.miniseed,25361
453025257.0025.2024.06.29.00.00.00.000.E.miniseed,25257
453024527.0008.2024.06.13.00.00.00.000.E.miniseed,24527
453025361.0007.2024.06.11.00.00.00.000.E.miniseed,25361
453024614.0016.2024.06.21.00.00.00.000.E.miniseed,24614
453024321.0022.2024.06.26.00.00.00.000.E.miniseed,24321
453025226.0010.2024.06.15.00.00.00.000.E.miniseed,25226
453024446.0028.2024.07.03.00.00.00.000.E.miniseed,24446
453025257.0028.2024.07.02.00.00.00.000.E.miniseed,25257
453025354.0002.2024.06.07.00.00.00.000.E.miniseed,25354
453024237.0029.2024.07.02.00.00.00.000.E.miniseed,24237
453024323.0026.2024.06.29.00.00.00.000.E.miniseed,24323
453025242.0021.2024.06.24.00.00.00.000.E.miniseed,25242
453024952.0005.2024.06.09.00.00.00.000.E.miniseed,24952
453025354.0017.2024.06.22.00.00.00.000.E.miniseed,25354
453024718.0022.2024.06.26.00.00.00.000.E.miniseed,24718
453025215.0025.2024.06.29.00.00.00.000.E.miniseed,25215
453024510.0013.2024.06.17.00.00.00.000.E.miniseed,24510
453024387.0020.2024.06.26.00.00.00.000.E.miniseed,24387
453025361.0008.2024.06.12.00.00.00.000.E.miniseed,25361
453024237.0017.2024.06.21.00.00.00.000.E.miniseed,24237
453025257.0014.2024.06.19.00.00.00.000.E.miniseed,25257
453024025.0002.2024.06.07.00.00.00.000.E.miniseed,24025
453024323.0029.2024.07.02.00.00.00.000.E.miniseed,24323
453025229.0012.2024.06.16.00.00.00.000.E.miniseed,25229
453025229.0005.2024.06.09.00.00.00.000.E.miniseed,25229
453025057.0005.2024.06.09.00.00.00.000.E.miniseed,25057
453025088.0017.2024.06.22.17.28.42.000.E.miniseed,25088
453025229.0017.2024.06.21.00.00.00.000.E.miniseed,25229
453024387.0004.2024.06.10.00.00.00.000.E.miniseed,24387
453025215.0014.2024.06.19.00.00.00.000.E.miniseed,25215
453025097.0023.2024.06.27.00.00.00.000.E.miniseed,25097
453024702.0018.2024.06.24.00.00.00.000.E.miniseed,24702
453025057.0015.2024.06.19.00.00.00.000.E.miniseed,25057
453025390.0027.2024.07.02.00.00.00.000.E.miniseed,25390
453024645.0029.2024.07.04.00.00.00.000.E.miniseed,24645
453024025.0005.2024.06.10.00.00.00.000.E.miniseed,24025
453024510.0029.2024.07.03.00.00.00.000.E.miniseed,24510
453024952.0012.2024.06.16.00.00.00.000.E.miniseed,24952
453024718.0017.2024.06.21.00.00.00.000.E.miniseed,24718
453025009.0017.2024.06.23.00.00.00.000.E.miniseed,25009
453024527.0018.2024.06.23.00.00.00.000.E.miniseed,24527
453024741.0026.2024.07.01.00.00.00.000.E.miniseed,24741
453025009.0021.2024.06.27.00.00.00.000.E.miniseed,25009
453024527.0015.2024.06.20.00.00.00.000.E.miniseed,24527
453024718.0012.2024.06.16.00.00.00.000.E.miniseed,24718
453024614.0020.2024.06.24.00.00.00.000.E.miniseed,24614
453024952.0019.2024.06.23.00.00.00.000.E.miniseed,24952
453025226.0003.2024.06.08.00.00.00.000.E.miniseed,25226
453025229.0030.2024.07.03.00.00.00.000.E.miniseed,25229
453024928.0012.2024.06.17.00.00.00.000.E.miniseed,24928
453024968.0009.2024.06.14.00.00.00.000.E.miniseed,24968
453024527.0022.2024.06.27.00.00.00.000.E.miniseed,24527
453024527.0002.2024.06.07.00.00.00.000.E.miniseed,24527
453024708.0018.2024.06.24.00.00.00.000.E.miniseed,24708
453024928.0007.2024.06.12.00.00.00.000.E.miniseed,24928
453024708.0003.2024.06.09.00.00.00.000.E.miniseed,24708
453024704.0028.2024.07.02.00.00.00.000.E.miniseed,24704
453024237.0023.2024.06.26.00.00.00.000.E.miniseed,24237
453024446.0003.2024.06.08.00.00.00.000.E.miniseed,24446
453024321.0020.2024.06.24.00.00.00.000.E.miniseed,24321
453024952.0021.2024.06.25.00.00.00.000.E.miniseed,24952
453024718.0025.2024.06.29.00.00.00.000.E.miniseed,24718
453025088.0004.2024.06.09.00.00.00.000.E.miniseed,25088
453024614.0028.2024.07.02.00.00.00.000.E.miniseed,24614
453024237.0003.2024.06.07.00.00.00.000.E.miniseed,24237
453025354.0026.2024.07.01.00.00.00.000.E.miniseed,25354
453024704.0030.2024.07.04.00.00.00.000.E.miniseed,24704
453025097.0004.2024.06.09.00.00.00.000.E.miniseed,25097
453025089.0029.2024.07.03.00.00.00.000.E.miniseed,25089
453024708.0023.2024.06.29.00.00.00.000.E.miniseed,24708
453024321.0012.2024.06.16.00.00.00.000.E.miniseed,24321
453025229.0027.2024.06.30.00.00.00.000.E.miniseed,25229
453024928.0027.2024.07.01.00.00.00.000.E.miniseed,24928
453024387.0009.2024.06.15.00.00.00.000.E.miniseed,24387
453024952.0016.2024.06.20.00.00.00.000.E.miniseed,24952
453025361.0004.2024.06.08.00.00.00.000.E.miniseed,25361
453025057.0017.2024.06.21.00.00.00.000.E.miniseed,25057
453024323.0017.2024.06.21.00.00.00.000.E.miniseed,24323
453025088.0025.2024.06.30.00.00.00.000.E.miniseed,25088
453025229.0003.2024.06.07.00.00.00.000.E.miniseed,25229
453024645.0021.2024.06.26.00.00.00.000.E.miniseed,24645
453024625.0010.2024.06.14.00.00.00.000.E.miniseed,24625
453024446.0017.2024.06.22.00.00.00.000.E.miniseed,24446
453025097.0015.2024.06.20.00.00.00.000.E.miniseed,25097
453024708.0009.2024.06.15.00.00.00.000.E.miniseed,24708
453024968.0001.2024.06.06.20.43.32.000.E.miniseed,24968
453025097.0011.2024.06.16.00.00.00.000.E.miniseed,25097
453025215.0022.2024.06.26.00.00.00.000.E.miniseed,25215
453024928.0016.2024.06.21.00.00.00.000.E.miniseed,24928
453024718.0018.2024.06.22.21.59.52.000.E.miniseed,24718
453024968.0029.2024.07.04.00.00.00.000.E.miniseed,24968
453024025.0029.2024.07.04.00.00.00.000.E.miniseed,24025
453024237.0018.2024.06.21.22.51.32.000.E.miniseed,24237
453025009.0008.2024.06.14.00.00.00.000.E.miniseed,25009
453024025.0001.2024.06.06.18.04.52.000.E.miniseed,24025
453025354.0022.2024.06.27.00.00.00.000.E.miniseed,25354
453025226.0024.2024.06.29.00.00.00.000.E.miniseed,25226
453025242.0013.2024.06.17.00.00.00.000.E.miniseed,25242
453025057.0014.2024.06.18.00.00.00.000.E.miniseed,25057
453024614.0025.2024.06.29.00.00.00.000.E.miniseed,24614
453024718.0026.2024.06.30.00.00.00.000.E.miniseed,24718
453025057.0024.2024.06.28.00.00.00.000.E.miniseed,25057
453024952.0003.2024.06.07.00.00.00.000.E.miniseed,24952
453024625.0001.2024.06.05.17.15.02.000.E.miniseed,24625
453024928.0017.2024.06.22.00.00.00.000.E.miniseed,24928
453024928.0013.2024.06.18.00.00.00.000.E.miniseed,24928
453024323.0008.2024.06.12.00.00.00.000.E.miniseed,24323
453024625.0012.2024.06.16.00.00.00.000.E.miniseed,24625
453024718.0019.2024.06.23.00.00.00.000.E.miniseed,24718
453025242.0005.2024.06.09.00.00.00.000.E.miniseed,25242
453024645.0025.2024.06.30.00.00.00.000.E.miniseed,24645
453024321.0021.2024.06.25.00.00.00.000.E.miniseed,24321
453024645.0026.2024.07.01.00.00.00.000.E.miniseed,24645
453024323.0024.2024.06.27.00.00.00.000.E.miniseed,24323
453024446.0007.2024.06.12.00.00.00.000.E.miniseed,24446
453024702.0017.2024.06.23.00.00.00.000.E.miniseed,24702
453025009.0023.2024.06.29.00.00.00.000.E.miniseed,25009
453025242.0006.2024.06.10.00.00.00.000.E.miniseed,25242
453025057.0006.2024.06.10.00.00.00.000.E.miniseed,25057
453025390.0020.2024.06.25.00.00.00.000.E.miniseed,25390
453024527.0009.2024.06.14.00.00.00.000.E.miniseed,24527
453025009.0014.2024.06.20.00.00.00.000.E.miniseed,25009
453025009.0020.2024.06.26.00.00.00.000.E.miniseed,25009
453024446.0005.2024.06.10.00.00.00.000.E.miniseed,24446
453025009.0016.2024.06.22.00.00.00.000.E.miniseed,25009
453025242.0016.2024.06.20.00.00.00.000.E.miniseed,25242
453025390.0019.2024.06.24.00.00.00.000.E.miniseed,25390
453024510.0024.2024.06.28.00.00.00.000.E.miniseed,24510
453024741.0014.2024.06.19.00.00.00.000.E.miniseed,24741
453025257.0029.2024.07.03.00.00.00.000.E.miniseed,25257
453025226.0005.2024.06.10.00.00.00.000.E.miniseed,25226
453025097.0006.2024.06.11.00.00.00.000.E.miniseed,25097
453024718.0006.2024.06.10.00.00.00.000.E.miniseed,24718
453024237.0031.2024.07.04.00.00.00.000.E.miniseed,24237
453024527.0024.2024.06.29.00.00.00.000.E.miniseed,24527
453024708.0017.2024.06.23.00.00.00.000.E.miniseed,24708
453025226.0021.2024.06.26.00.00.00.000.E.miniseed,25226
453025257.0005.2024.06.10.00.00.00.000.E.miniseed,25257
453024387.0011.2024.06.17.00.00.00.000.E.miniseed,24387
453024702.0012.2024.06.18.00.00.00.000.E.miniseed,24702
453024527.0026.2024.07.01.00.00.00.000.E.miniseed,24527
453024527.0014.2024.06.19.00.00.00.000.E.miniseed,24527
453024704.0006.2024.06.11.00.00.00.000.E.miniseed,24704
453025226.0011.2024.06.16.00.00.00.000.E.miniseed,25226
453025215.0003.2024.06.08.00.00.00.000.E.miniseed,25215
453024645.0023.2024.06.28.00.00.00.000.E.miniseed,24645
453024237.0009.2024.06.13.00.00.00.000.E.miniseed,24237
453025390.0022.2024.06.27.00.00.00.000.E.miniseed,25390
453024025.0028.2024.07.03.00.00.00.000.E.miniseed,24025
453024614.0021.2024.06.25.00.00.00.000.E.miniseed,24614
453025089.0015.2024.06.19.00.00.00.000.E.miniseed,25089
453025089.0012.2024.06.16.00.00.00.000.E.miniseed,25089
453024614.0011.2024.06.16.00.00.00.000.E.miniseed,24614
453024702.0023.2024.06.29.00.00.00.000.E.miniseed,24702
453024237.0010.2024.06.14.00.00.00.000.E.miniseed,24237
453025242.0015.2024.06.19.00.00.00.000.E.miniseed,25242
453024510.0001.2024.06.05.19.29.42.000.E.miniseed,24510
453024718.0013.2024.06.17.00.00.00.000.E.miniseed,24718
453024702.0026.2024.07.02.00.00.00.000.E.miniseed,24702
453024321.0010.2024.06.14.00.00.00.000.E.miniseed,24321
453024718.0021.2024.06.25.00.00.00.000.E.miniseed,24718
453024446.0009.2024.06.14.00.00.00.000.E.miniseed,24446
453024702.0024.2024.06.30.00.00.00.000.E.miniseed,24702
453024718.0003.2024.06.07.00.00.00.000.E.miniseed,24718
453024323.0007.2024.06.11.00.00.00.000.E.miniseed,24323
453024625.0005.2024.06.09.00.00.00.000.E.miniseed,24625
453024321.0009.2024.06.13.00.00.00.000.E.miniseed,24321
453024741.0024.2024.06.29.00.00.00.000.E.miniseed,24741
453025361.0005.2024.06.09.00.00.00.000.E.miniseed,25361
453025229.0018.2024.06.21.21.49.12.000.E.miniseed,25229
453024741.0028.2024.07.03.00.00.00.000.E.miniseed,24741
453025215.0027.2024.07.01.00.00.00.000.E.miniseed,25215
453025097.0018.2024.06.22.18.24.12.000.E.miniseed,25097
453024952.0014.2024.06.18.00.00.00.000.E.miniseed,24952
453024625.0007.2024.06.11.00.00.00.000.E.miniseed,24625
453024952.0002.2024.06.06.00.00.00.000.E.miniseed,24952
453024704.0025.2024.06.29.00.00.00.000.E.miniseed,24704
453024704.0022.2024.06.26.00.00.00.000.E.miniseed,24704
453024952.0006.2024.06.10.00.00.00.000.E.miniseed,24952
453024625.0015.2024.06.19.00.00.00.000.E.miniseed,24625
453024527.0025.2024.06.30.00.00.00.000.E.miniseed,24527
453025242.0003.2024.06.07.00.00.00.000.E.miniseed,25242
453024614.0002.2024.06.07.00.00.00.000.E.miniseed,24614
453024741.0029.2024.07.04.00.00.00.000.E.miniseed,24741
453025215.0020.2024.06.24.00.00.00.000.E.miniseed,25215
453024625.0017.2024.06.21.00.00.00.000.E.miniseed,24625
453024321.0011.2024.06.15.00.00.00.000.E.miniseed,24321
453024446.0026.2024.07.01.00.00.00.000.E.miniseed,24446
453025215.0013.2024.06.18.00.00.00.000.E.miniseed,25215
453024702.0021.2024.06.27.00.00.00.000.E.miniseed,24702
453024645.0012.2024.06.17.00.00.00.000.E.miniseed,24645
453024614.0012.2024.06.17.00.00.00.000.E.miniseed,24614
453025390.0003.2024.06.08.00.00.00.000.E.miniseed,25390
453024952.0027.2024.07.01.00.00.00.000.E.miniseed,24952
453024968.0023.2024.06.28.00.00.00.000.E.miniseed,24968
453024702.0020.2024.06.26.00.00.00.000.E.miniseed,24702
453024968.0028.2024.07.03.00.00.00.000.E.miniseed,24968
453025257.0023.2024.06.27.00.00.00.000.E.miniseed,25257
453025097.0012.2024.06.17.00.00.00.000.E.miniseed,25097
453025390.0010.2024.06.15.00.00.00.000.E.miniseed,25390
453025229.0009.2024.06.13.00.00.00.000.E.miniseed,25229
453024741.0027.2024.07.02.00.00.00.000.E.miniseed,24741
453025226.0019.2024.06.24.00.00.00.000.E.miniseed,25226
453024323.0006.2024.06.10.00.00.00.000.E.miniseed,24323
453024025.0006.2024.06.11.00.00.00.000.E.miniseed,24025
453024718.0029.2024.07.03.00.00.00.000.E.miniseed,24718
453024527.0003.2024.06.08.00.00.00.000.E.miniseed,24527
453025057.0018.2024.06.22.00.00.00.000.E.miniseed,25057
453025057.0022.2024.06.26.00.00.00.000.E.miniseed,25057
453025257.0003.2024.06.08.00.00.00.000.E.miniseed,25257
453024928.0022.2024.06.26.00.00.00.000.E.miniseed,24928
453025097.0016.2024.06.21.00.00.00.000.E.miniseed,25097
453024741.0001.2024.06.06.22.52.02.000.E.miniseed,24741
453024718.0024.2024.06.28.00.00.00.000.E.miniseed,24718
453025226.0008.2024.06.13.00.00.00.000.E.miniseed,25226
453025057.0025.2024.06.29.00.00.00.000.E.miniseed,25057
453024323.0028.2024.07.01.00.00.00.000.E.miniseed,24323
453025242.0004.2024.06.08.00.00.00.000.E.miniseed,25242
453024321.0024.2024.06.28.00.00.00.000.E.miniseed,24321
453025229.0025.2024.06.28.00.00.00.000.E.miniseed,25229
453025009.0007.2024.06.13.00.00.00.000.E.miniseed,25009
453025354.0021.2024.06.26.00.00.00.000.E.miniseed,25354
453024702.0027.2024.07.03.00.00.00.000.E.miniseed,24702
453024446.0022.2024.06.27.00.00.00.000.E.miniseed,24446
453024025.0007.2024.06.12.00.00.00.000.E.miniseed,24025
453024387.0027.2024.07.03.00.00.00.000.E.miniseed,24387
453025009.0004.2024.06.10.00.00.00.000.E.miniseed,25009
453024614.0018.2024.06.22.20.01.32.000.E.miniseed,24614
453024968.0003.2024.06.08.00.00.00.000.E.miniseed,24968
453024614.0008.2024.06.13.00.00.00.000.E.miniseed,24614
453024952.0018.2024.06.22.00.00.00.000.E.miniseed,24952
453024446.0002.2024.06.07.00.00.00.000.E.miniseed,24446
453024625.0013.2024.06.17.00.00.00.000.E.miniseed,24625
453025057.0021.2024.06.25.00.00.00.000.E.miniseed,25057
453024323.0019.2024.06.22.00.00.00.000.E.miniseed,24323
453025089.0011.2024.06.15.00.00.00.000.E.miniseed,25089
453024323.0011.2024.06.15.00.00.00.000.E.miniseed,24323
453025257.0011.2024.06.16.00.00.00.000.E.miniseed,25257
453025242.0025.2024.06.28.00.00.00.000.E.miniseed,25242
453025089.0026.2024.06.30.00.00.00.000.E.miniseed,25089
453024928.0018.2024.06.22.21.09.32.000.E.miniseed,24928
453024510.0020.2024.06.24.00.00.00.000.E.miniseed,24510
453024952.0025.2024.06.29.00.00.00.000.E.miniseed,24952
453025215.0009.2024.06.14.00.00.00.000.E.miniseed,25215
453025089.0024.2024.06.28.00.00.00.000.E.miniseed,25089
453024510.0007.2024.06.11.00.00.00.000.E.miniseed,24510
453024704.0002.2024.06.07.00.00.00.000.E.miniseed,24704
453024952.0022.2024.06.26.00.00.00.000.E.miniseed,24952
453025257.0027.2024.07.01.00.00.00.000.E.miniseed,25257
453025390.0004.2024.06.09.00.00.00.000.E.miniseed,25390
453024625.0008.2024.06.12.00.00.00.000.E.miniseed,24625
453024321.0003.2024.06.07.00.00.00.000.E.miniseed,24321
453024614.0026.2024.06.30.00.00.00.000.E.miniseed,24614
453024321.0004.2024.06.08.00.00.00.000.E.miniseed,24321
453024614.0003.2024.06.08.00.00.00.000.E.miniseed,24614
453025009.0022.2024.06.28.00.00.00.000.E.miniseed,25009
453024321.0026.2024.06.30.00.00.00.000.E.miniseed,24321
453024928.0010.2024.06.15.00.00.00.000.E.miniseed,24928
453025229.0010.2024.06.14.00.00.00.000.E.miniseed,25229
453024323.0016.2024.06.20.00.00.00.000.E.miniseed,24323
453024704.0016.2024.06.21.00.00.00.000.E.miniseed,24704
453024614.0019.2024.06.23.00.00.00.000.E.miniseed,24614
453024387.0013.2024.06.19.00.00.00.000.E.miniseed,24387
453025242.0024.2024.06.27.00.00.00.000.E.miniseed,25242
453024527.0007.2024.06.12.00.00.00.000.E.miniseed,24527
453024645.0018.2024.06.23.00.00.00.000.E.miniseed,24645
453025354.0014.2024.06.19.00.00.00.000.E.miniseed,25354
453024645.0027.2024.07.02.00.00.00.000.E.miniseed,24645
453024321.0014.2024.06.18.00.00.00.000.E.miniseed,24321
453024625.0014.2024.06.18.00.00.00.000.E.miniseed,24625
453025089.0018.2024.06.22.00.00.00.000.E.miniseed,25089
453024237.0012.2024.06.16.00.00.00.000.E.miniseed,24237
